-- BRAND
INSERT INTO `ircodes`.`BRAND` (`id`, `brand`) VALUES ('1', 'Sony');
INSERT INTO `ircodes`.`BRAND` (`id`, `brand`) VALUES ('2', 'Samsung');

-- MODELTYPE
INSERT INTO `ircodes`.`MODELTYPE` (`id`,`model_id`,`model_type`,`BRAND_ID`) VALUES ('1','1','TV','1');
INSERT INTO `ircodes`.`MODELTYPE` (`id`,`model_id`,`model_type`,`BRAND_ID`) VALUES ('2','1','TV','2');
INSERT INTO `ircodes`.`MODELTYPE` (`id`,`model_id`,`model_type`,`BRAND_ID`) VALUES ('3','2','DVD','2');

-- MODEL
INSERT INTO `ircodes`.`MODEL` (`id`,`model`,`MODELTYPE_ID`) VALUES ('1','Sony TV Model 1','1');
INSERT INTO `ircodes`.`MODEL` (`id`,`model`,`MODELTYPE_ID`) VALUES ('2','Sony TV Model 2','1');
INSERT INTO `ircodes`.`MODEL` (`id`,`model`,`MODELTYPE_ID`) VALUES ('3','Samsung TV Model 1','2');
INSERT INTO `ircodes`.`MODEL` (`id`,`model`,`MODELTYPE_ID`) VALUES ('4','Samsung DVD Model 1','2');
INSERT INTO `ircodes`.`MODEL` (`id`,`model`,`MODELTYPE_ID`) VALUES ('5','Samsung DVD Model 2','2');

-- CODENAMES
INSERT INTO `ircodes`.`CODENAMES` (`id`,`codename`) VALUES ('1','Power');
INSERT INTO `ircodes`.`CODENAMES` (`id`,`codename`) VALUES ('2','Channel Plus');
INSERT INTO `ircodes`.`CODENAMES` (`id`,`codename`) VALUES ('3','Channel Minus');
INSERT INTO `ircodes`.`CODENAMES` (`id`,`codename`) VALUES ('4','Volume Minus');
INSERT INTO `ircodes`.`CODENAMES` (`id`,`codename`) VALUES ('5','Volume Minus');
INSERT INTO `ircodes`.`CODENAMES` (`id`,`codename`) VALUES ('6','Input');
INSERT INTO `ircodes`.`CODENAMES` (`id`,`codename`) VALUES ('7','Eject');
INSERT INTO `ircodes`.`CODENAMES` (`id`,`codename`) VALUES ('8','Input');
INSERT INTO `ircodes`.`CODENAMES` (`id`,`codename`) VALUES ('9','Guide');
INSERT INTO `ircodes`.`CODENAMES` (`id`,`codename`) VALUES ('10','0');
INSERT INTO `ircodes`.`CODENAMES` (`id`,`codename`) VALUES ('11','1');
INSERT INTO `ircodes`.`CODENAMES` (`id`,`codename`) VALUES ('12','2');
INSERT INTO `ircodes`.`CODENAMES` (`id`,`codename`) VALUES ('13','3');
INSERT INTO `ircodes`.`CODENAMES` (`id`,`codename`) VALUES ('14','4');
INSERT INTO `ircodes`.`CODENAMES` (`id`,`codename`) VALUES ('15','5');
INSERT INTO `ircodes`.`CODENAMES` (`id`,`codename`) VALUES ('16','6');
INSERT INTO `ircodes`.`CODENAMES` (`id`,`codename`) VALUES ('17','7');
INSERT INTO `ircodes`.`CODENAMES` (`id`,`codename`) VALUES ('18','8');
INSERT INTO `ircodes`.`CODENAMES` (`id`,`codename`) VALUES ('19','9');


-- CODES
INSERT INTO `ircodes`.`CODES` (`MODEL_ID`,`CODENAME_ID`,`codes`) VALUES ('1','1','4BE4333BCC');
INSERT INTO `ircodes`.`CODES` (`MODEL_ID`,`CODENAME_ID`,`codes`) VALUES ('1','2','D01F18FB98');
INSERT INTO `ircodes`.`CODES` (`MODEL_ID`,`CODENAME_ID`,`codes`) VALUES ('1','3','FCA8541C26');
INSERT INTO `ircodes`.`CODES` (`MODEL_ID`,`CODENAME_ID`,`codes`) VALUES ('1','4','FDECE9107B');
INSERT INTO `ircodes`.`CODES` (`MODEL_ID`,`CODENAME_ID`,`codes`) VALUES ('1','5','1CA71B1BB2');
INSERT INTO `ircodes`.`CODES` (`MODEL_ID`,`CODENAME_ID`,`codes`) VALUES ('1','6','3C80723C7D');
INSERT INTO `ircodes`.`CODES` (`MODEL_ID`,`CODENAME_ID`,`codes`) VALUES ('1','7','1B3D430F68');
INSERT INTO `ircodes`.`CODES` (`MODEL_ID`,`CODENAME_ID`,`codes`) VALUES ('1','8','A1D5B36AD5');
INSERT INTO `ircodes`.`CODES` (`MODEL_ID`,`CODENAME_ID`,`codes`) VALUES ('1','9','DC567E3D39');
INSERT INTO `ircodes`.`CODES` (`MODEL_ID`,`CODENAME_ID`,`codes`) VALUES ('1','10','709DCFB8C3');
INSERT INTO `ircodes`.`CODES` (`MODEL_ID`,`CODENAME_ID`,`codes`) VALUES ('1','11','7FA06A8699');
INSERT INTO `ircodes`.`CODES` (`MODEL_ID`,`CODENAME_ID`,`codes`) VALUES ('1','12','B8F012D0D6');
INSERT INTO `ircodes`.`CODES` (`MODEL_ID`,`CODENAME_ID`,`codes`) VALUES ('1','13','B37C922255');
INSERT INTO `ircodes`.`CODES` (`MODEL_ID`,`CODENAME_ID`,`codes`) VALUES ('1','14','6F1471296B');
INSERT INTO `ircodes`.`CODES` (`MODEL_ID`,`CODENAME_ID`,`codes`) VALUES ('1','15','A33C9E8814');
INSERT INTO `ircodes`.`CODES` (`MODEL_ID`,`CODENAME_ID`,`codes`) VALUES ('1','16','AF6BAE9511');
INSERT INTO `ircodes`.`CODES` (`MODEL_ID`,`CODENAME_ID`,`codes`) VALUES ('1','17','0C911C2F0A');
INSERT INTO `ircodes`.`CODES` (`MODEL_ID`,`CODENAME_ID`,`codes`) VALUES ('1','18','3C51748361');
INSERT INTO `ircodes`.`CODES` (`MODEL_ID`,`CODENAME_ID`,`codes`) VALUES ('1','19','A6368AF677');
INSERT INTO `ircodes`.`CODES` (`MODEL_ID`,`CODENAME_ID`,`codes`) VALUES ('2','1','6EA6D9F500');
INSERT INTO `ircodes`.`CODES` (`MODEL_ID`,`CODENAME_ID`,`codes`) VALUES ('2','2','334B51D1AE');
INSERT INTO `ircodes`.`CODES` (`MODEL_ID`,`CODENAME_ID`,`codes`) VALUES ('2','3','F7A6B1D79E');
INSERT INTO `ircodes`.`CODES` (`MODEL_ID`,`CODENAME_ID`,`codes`) VALUES ('2','4','7410EF09E5');
INSERT INTO `ircodes`.`CODES` (`MODEL_ID`,`CODENAME_ID`,`codes`) VALUES ('2','5','887F146547');
INSERT INTO `ircodes`.`CODES` (`MODEL_ID`,`CODENAME_ID`,`codes`) VALUES ('2','6','568CDAABB0');
INSERT INTO `ircodes`.`CODES` (`MODEL_ID`,`CODENAME_ID`,`codes`) VALUES ('2','7','3BDD06DDF3');
INSERT INTO `ircodes`.`CODES` (`MODEL_ID`,`CODENAME_ID`,`codes`) VALUES ('2','8','81AD77B87C');
INSERT INTO `ircodes`.`CODES` (`MODEL_ID`,`CODENAME_ID`,`codes`) VALUES ('2','9','0518123E0F');
INSERT INTO `ircodes`.`CODES` (`MODEL_ID`,`CODENAME_ID`,`codes`) VALUES ('2','10','ECF08DDDC4');
INSERT INTO `ircodes`.`CODES` (`MODEL_ID`,`CODENAME_ID`,`codes`) VALUES ('2','11','87AF73997A');
INSERT INTO `ircodes`.`CODES` (`MODEL_ID`,`CODENAME_ID`,`codes`) VALUES ('2','12','C01D360701');
INSERT INTO `ircodes`.`CODES` (`MODEL_ID`,`CODENAME_ID`,`codes`) VALUES ('2','13','04B22A266A');
INSERT INTO `ircodes`.`CODES` (`MODEL_ID`,`CODENAME_ID`,`codes`) VALUES ('2','14','4F36E01D07');
INSERT INTO `ircodes`.`CODES` (`MODEL_ID`,`CODENAME_ID`,`codes`) VALUES ('2','15','07D7A852E2');
INSERT INTO `ircodes`.`CODES` (`MODEL_ID`,`CODENAME_ID`,`codes`) VALUES ('2','16','19295F971B');
INSERT INTO `ircodes`.`CODES` (`MODEL_ID`,`CODENAME_ID`,`codes`) VALUES ('2','17','B208DDB45B');
INSERT INTO `ircodes`.`CODES` (`MODEL_ID`,`CODENAME_ID`,`codes`) VALUES ('2','18','4EFB9BCD17');
INSERT INTO `ircodes`.`CODES` (`MODEL_ID`,`CODENAME_ID`,`codes`) VALUES ('2','19','F09232E218');
INSERT INTO `ircodes`.`CODES` (`MODEL_ID`,`CODENAME_ID`,`codes`) VALUES ('3','1','D8945504C2');
INSERT INTO `ircodes`.`CODES` (`MODEL_ID`,`CODENAME_ID`,`codes`) VALUES ('3','2','63732F8750');
INSERT INTO `ircodes`.`CODES` (`MODEL_ID`,`CODENAME_ID`,`codes`) VALUES ('3','3','BDB681A705');
INSERT INTO `ircodes`.`CODES` (`MODEL_ID`,`CODENAME_ID`,`codes`) VALUES ('3','4','0F5264AF04');
INSERT INTO `ircodes`.`CODES` (`MODEL_ID`,`CODENAME_ID`,`codes`) VALUES ('3','5','ADA0CF4436');
INSERT INTO `ircodes`.`CODES` (`MODEL_ID`,`CODENAME_ID`,`codes`) VALUES ('3','6','50B46D9FC9');
INSERT INTO `ircodes`.`CODES` (`MODEL_ID`,`CODENAME_ID`,`codes`) VALUES ('3','7','C8DD64885F');
INSERT INTO `ircodes`.`CODES` (`MODEL_ID`,`CODENAME_ID`,`codes`) VALUES ('3','8','5539A11586');
INSERT INTO `ircodes`.`CODES` (`MODEL_ID`,`CODENAME_ID`,`codes`) VALUES ('3','9','2B0DE7D5B7');
INSERT INTO `ircodes`.`CODES` (`MODEL_ID`,`CODENAME_ID`,`codes`) VALUES ('3','10','5C140C1AD6');
INSERT INTO `ircodes`.`CODES` (`MODEL_ID`,`CODENAME_ID`,`codes`) VALUES ('3','11','44B523A146');
INSERT INTO `ircodes`.`CODES` (`MODEL_ID`,`CODENAME_ID`,`codes`) VALUES ('3','12','D5E6500C61');
INSERT INTO `ircodes`.`CODES` (`MODEL_ID`,`CODENAME_ID`,`codes`) VALUES ('3','13','F846F836D8');
INSERT INTO `ircodes`.`CODES` (`MODEL_ID`,`CODENAME_ID`,`codes`) VALUES ('3','14','3CA4E9A70A');
INSERT INTO `ircodes`.`CODES` (`MODEL_ID`,`CODENAME_ID`,`codes`) VALUES ('3','15','E4F5A337C6');
INSERT INTO `ircodes`.`CODES` (`MODEL_ID`,`CODENAME_ID`,`codes`) VALUES ('3','16','B1E2C4C4E8');
INSERT INTO `ircodes`.`CODES` (`MODEL_ID`,`CODENAME_ID`,`codes`) VALUES ('3','17','DF9CF6EB20');
INSERT INTO `ircodes`.`CODES` (`MODEL_ID`,`CODENAME_ID`,`codes`) VALUES ('3','18','D7ED26A8FD');
INSERT INTO `ircodes`.`CODES` (`MODEL_ID`,`CODENAME_ID`,`codes`) VALUES ('3','19','9E02D29CC3');
INSERT INTO `ircodes`.`CODES` (`MODEL_ID`,`CODENAME_ID`,`codes`) VALUES ('4','1','3DAF3A1036');
INSERT INTO `ircodes`.`CODES` (`MODEL_ID`,`CODENAME_ID`,`codes`) VALUES ('4','2','45BB3AAA70');
INSERT INTO `ircodes`.`CODES` (`MODEL_ID`,`CODENAME_ID`,`codes`) VALUES ('4','3','255789B861');
INSERT INTO `ircodes`.`CODES` (`MODEL_ID`,`CODENAME_ID`,`codes`) VALUES ('4','4','777D0F66E0');
INSERT INTO `ircodes`.`CODES` (`MODEL_ID`,`CODENAME_ID`,`codes`) VALUES ('4','5','9DF7FCB4C5');
INSERT INTO `ircodes`.`CODES` (`MODEL_ID`,`CODENAME_ID`,`codes`) VALUES ('4','6','982DA46E57');
INSERT INTO `ircodes`.`CODES` (`MODEL_ID`,`CODENAME_ID`,`codes`) VALUES ('4','7','794C29E38B');
INSERT INTO `ircodes`.`CODES` (`MODEL_ID`,`CODENAME_ID`,`codes`) VALUES ('4','8','D98D153A3B');
INSERT INTO `ircodes`.`CODES` (`MODEL_ID`,`CODENAME_ID`,`codes`) VALUES ('4','9','C970D613EA');
INSERT INTO `ircodes`.`CODES` (`MODEL_ID`,`CODENAME_ID`,`codes`) VALUES ('4','10','8DF6BA4D00');
INSERT INTO `ircodes`.`CODES` (`MODEL_ID`,`CODENAME_ID`,`codes`) VALUES ('4','11','83D74B5E84');
INSERT INTO `ircodes`.`CODES` (`MODEL_ID`,`CODENAME_ID`,`codes`) VALUES ('4','12','6C05DBD08E');
INSERT INTO `ircodes`.`CODES` (`MODEL_ID`,`CODENAME_ID`,`codes`) VALUES ('4','13','B31CAB2010');
INSERT INTO `ircodes`.`CODES` (`MODEL_ID`,`CODENAME_ID`,`codes`) VALUES ('4','14','74F738577E');
INSERT INTO `ircodes`.`CODES` (`MODEL_ID`,`CODENAME_ID`,`codes`) VALUES ('4','15','C61EF5504C');
INSERT INTO `ircodes`.`CODES` (`MODEL_ID`,`CODENAME_ID`,`codes`) VALUES ('4','16','F6D2083C37');
INSERT INTO `ircodes`.`CODES` (`MODEL_ID`,`CODENAME_ID`,`codes`) VALUES ('4','17','1892D0BCFB');
INSERT INTO `ircodes`.`CODES` (`MODEL_ID`,`CODENAME_ID`,`codes`) VALUES ('4','18','772A386930');
INSERT INTO `ircodes`.`CODES` (`MODEL_ID`,`CODENAME_ID`,`codes`) VALUES ('4','19','3511E5E772');
INSERT INTO `ircodes`.`CODES` (`MODEL_ID`,`CODENAME_ID`,`codes`) VALUES ('5','1','CC40EED0F5');
INSERT INTO `ircodes`.`CODES` (`MODEL_ID`,`CODENAME_ID`,`codes`) VALUES ('5','2','23F72C9511');
INSERT INTO `ircodes`.`CODES` (`MODEL_ID`,`CODENAME_ID`,`codes`) VALUES ('5','3','C12BCA496E');
INSERT INTO `ircodes`.`CODES` (`MODEL_ID`,`CODENAME_ID`,`codes`) VALUES ('5','4','E0CF35D885');
INSERT INTO `ircodes`.`CODES` (`MODEL_ID`,`CODENAME_ID`,`codes`) VALUES ('5','5','1B6E2B5342');
INSERT INTO `ircodes`.`CODES` (`MODEL_ID`,`CODENAME_ID`,`codes`) VALUES ('5','6','92887D8152');
INSERT INTO `ircodes`.`CODES` (`MODEL_ID`,`CODENAME_ID`,`codes`) VALUES ('5','7','374F5FAA7C');
INSERT INTO `ircodes`.`CODES` (`MODEL_ID`,`CODENAME_ID`,`codes`) VALUES ('5','8','BFE253CD19');
INSERT INTO `ircodes`.`CODES` (`MODEL_ID`,`CODENAME_ID`,`codes`) VALUES ('5','9','14535005DE');
INSERT INTO `ircodes`.`CODES` (`MODEL_ID`,`CODENAME_ID`,`codes`) VALUES ('5','10','AAE33EF009');
INSERT INTO `ircodes`.`CODES` (`MODEL_ID`,`CODENAME_ID`,`codes`) VALUES ('5','11','A14EA8092A');
INSERT INTO `ircodes`.`CODES` (`MODEL_ID`,`CODENAME_ID`,`codes`) VALUES ('5','12','DB234ECF6C');
INSERT INTO `ircodes`.`CODES` (`MODEL_ID`,`CODENAME_ID`,`codes`) VALUES ('5','13','B4D6C0EF57');
INSERT INTO `ircodes`.`CODES` (`MODEL_ID`,`CODENAME_ID`,`codes`) VALUES ('5','14','A19B640988');
INSERT INTO `ircodes`.`CODES` (`MODEL_ID`,`CODENAME_ID`,`codes`) VALUES ('5','15','4D6AA361CA');
INSERT INTO `ircodes`.`CODES` (`MODEL_ID`,`CODENAME_ID`,`codes`) VALUES ('5','16','DD080ABB9F');
INSERT INTO `ircodes`.`CODES` (`MODEL_ID`,`CODENAME_ID`,`codes`) VALUES ('5','17','9831AA0D18');
INSERT INTO `ircodes`.`CODES` (`MODEL_ID`,`CODENAME_ID`,`codes`) VALUES ('5','18','2225F534BC');
INSERT INTO `ircodes`.`CODES` (`MODEL_ID`,`CODENAME_ID`,`codes`) VALUES ('5','19','6764269D6B');
